0,8
1,17
2,3
3,17
4,5
5,17
6,3
7,6
8
9,3
10,17
11
12,17
13,15
14,17
15,17
16,1
17
18,17
19,1
20,14
21,13
22,17
23,1
24,1
25
26,3
27,1
28,14
29,2
30
31,17
32,8
33,1
34,11
35,5
36,1
37,17
38,1
39,1
40
41,15
42
43,6
44
45,6
46,8
47,8
48,5
49,14
50,16
51,14
52,14
53,17
54,1
55,6
56,17
57,14
58,1
59,8
60,17
61,6
62
63,5
64,1
65,3
66,17
67
68,1
69,1
70,6
71
72,6
73,1
74,16
75,17
76,1
77,15
78,6
79,1
80,17
81
82,1
83,15
84,6
85,1
86,1
87,5
88,5
89,11
90,17
91,1
92,17
93,1
94,3
95,8
96,17
97,8
98,17
99,3
100,3
101,17
102
103,6
104,5
105,5
106,5
107,17
108,14
109,16
110,15
111,16
112,17
113
114
115,1
116,8
117,17
118,1
119,14
120,17
121,17
122,16
123,17
124,17
125,17
126,17
127,6
128
129,5
130
131,1
132,1
133,3
134,8
135,14
136
137,6
138
139,7
140,17
141,5
142,17
143,6
144,1
145
146,14
147,6
148,1
149,1
150,17
151,15
152,15
153,5
154,17
155,1
156,8
157,17
158,3
159,1
160,17
161,17
162,1
163,6
164,17
165,14
166,1
167,3
168,1
169,7
170,6
171
172,1
173,1
174,8
175,8
176
177,6
178,14
179,3
180,17
181
182,1
183,3
184,1
185
186,17
187,1
188,17
189,17
190,3
191
192,1
193,6
194,17
195,6
196,6
197,17
198,17
199,17
200,5
201,14
202
203
204
205,7
206,5
207,1
208,1
209
210,17
211,6
212,5
213,1
214,14
215,6
216,13
217,17
218,3
219,14
220,17
221,17
222,17
223,17
224
225,1
226,5
227
228,5
229
230,17
231,11
232,17
233
234
235,6
236,1
237,17
238,16
239,4
240,17
241,3
242,16
243,17
244
245,1
246,3
247,16
248,9
249,14
250,17
251,3
252,15
253,1
254,1
255
256,3
257,8
258,16
259,1
260,17
261,6
262,1
263,13
264,1
265,1
266,1
267,8
268,17
269,14
270,14
271
272,17
273,17
274,1
275,1
276,17
277,17
278,17
279
280,8
281
282,1
283,1
284
285,3
286
287
288,1
289,17
290
291,1
292,17
293,9
294,12
295,17
296,5
297,17
298,1
299,17
300,3
301
302,16
303,17
304
305,1
306,8
307,8
308,12
309,17
310,1
311
312,8
313,1
314,1
315,3
316,1
317,5
318,6
319
320
321
322,6
323,17
324,14
325,2
326,5
327,1
328,14
329,17
330,17
331,6
332,17
333,1
334,17
335,6
336,14
337,5
338,6
339,17
340,17
341,17
342,3
343,2
344,1
345
346,3
347,8
348,17
349,1
350,6
351,1
352,1
353,3
354
355,14
356,17
357,16
358,14
359,17
360
361,1
362
363,6
364
365,16
366,3
367
368,1
369,3
370,1
371,15
372,6
373,17
374,14
375,8
376,17
377,5
378
379,6
380
381,11
382,1
383,17
384,14
385,3
386,4
387,1
388,6
389,11
390,14
391,6
392,17
393,3
394,3
395
396,11
397,8
398
399
400
401,1
402,14
403,6
404
405,7
406
407,1
408,6
409,17
410
411,1
412,3
413,8
414,6
415,5
416
417
418,15
419,1
420
421,17
422,13
423,12
424,17
425,1
426,17
427
428,6
429,8
430,11
431,1
432,15
433,3
434,8
435,17
436,5
437,3
438,2
439,1
440,14
441,17
442,14
443,5
444,1
445,17
446,14
447,3
448,5
449,15
450,17
451
452,14
453,16
454,17
455,1
456
457
458,14
459
460,5
461,8
462,17
463,17
464,17
465
466,17
467,1
468
469
470,14
471,8
472,17
473
474,11
475,1
476,17
477,17
478,17
479,6
480,5
481,17
482,3
483,16
484,17
485,15
486,17
487,3
488
489,14
490
491
492,14
493
494,6
495,1
496,6
497,8
498
499
500
501,11
502,6
503
504,17
505,1
506,1
507
508,17
509,1
510,17
511,16
512,3
513,6
514,6
515,17
516,6
517
518,17
519,14
520,17
521,8
522,5
523,4
524,15
525
526
527,1
528,1
529,17
530,1
531,5
532,14
533
534,14
535,6
536
537,14
538,8
539,1
540,17
541,17
542,14
543,2
544,14
545,15
546,17
547,1
548
549,1
550,1
551,1
552
553
554,6
555
556,5
557,17
558,17
559
560,1
561,15
562,3
563,14
564,3
565,15
566,3
567
568
569,6
570,8
571,17
572,1
573,8
574,17
575,3
576,17
577,17
578,6
579,17
580,16
581
582,8
583,17
584,3
585,3
586,1
587,16
588,17
589
590,1
591,8
592,1
593,2
594,8
595,1
596
597,12
598,3
599,1
600,11
601,3
602,3
603,1
604,8
605,17
606,1
607,8
608,17
609,17
610,14
611,17
612,1
613,1
614,15
615,17
616,17
617,3
618
619,17
620,15
621,14
622,12
623,14
624,1
625,17
626,6
627,1
628,17
629
630,17
631,14
632,3
633,6
634,17
635,6
636,8
637,6
638,17
639
640,15
641,13
642,6
643,17
644,17
645,1
646,1
647,14
648,1
649,1
650
651,6
652,8
653,6
654,1
655,17
656,3
657
658,3
659
660,17
661,8
662,1
663,17
664
665,8
666,17
667,3
668
669,17
670,3
671,16
672,1
673,1
674
675,14
676,6
677,5
678,1
679,3
680,14
681
682,8
683
684,3
685
686,1
687,1
688,8
689,5
690,5
691,6
692,17
693,6
694,1
695,5
696
697,17
698,17
699
700,17
701
702,17
703,17
704,1
705,15
706,17
707
708,14
709,6
710,14
711,17
712,3
713
714,6
715
716,17
717,1
718,1
719,1
720,17
721,1
722,6
723,1
724,3
725,17
726,14
727,8
728,17
729,7
730
731,17
732
733,6
734
735,16
736,17
737,17
738,8
739
740,16
741
742
743
744,6
745,6
746,1
747,8
748,1
749,6
750,8
751
752,3
753
754
755
756,14
757,6
758,14
759,1
760,8
761,17
762,17
763
764,16
765,1
766,1
767,14
768,17
769,15
770,14
771,5
772,1
773,1
774,15
775,3
776,8
777,3
778,5
779,17
780,3
781,1
782,8
783,17
784,1
785,5
786,8
787,1
788,14
789,14
790,14
791,14
792,6
793,14
794,5
795,1
796,1
797,3
798,14
799
800
801
802,17
803,3
804,5
805
806,17
807,1
808
809,17
810,2
811,13
812,14
813,15
814,16
815,17
816,1
817,17
818,17
819,1
820
821,17
822,14
823,1
824,14
825,6
826,1
827,17
828,8
829,1
830,15
831,1
832,17
833,5
834,1
835,1
836,14
837,16
838
839,15
840,13
841,14
842,14
843,6
844
845,1
846,2
847
848,17
849,1
850,17
851
852
853,6
854,14
855,1
856
857,1
858,14
859
860,3
861,1
862,17
863,8
864,12
865,6
866,15
867
868,14
869,3
870,12
871,17
872,17
873,16
874,1
875,8
876,8
877,6
878,14
879,5
880,17
881,1
882,17
883,12
884,17
885,15
886,14
887,14
888,17
889,17
890,1
891,9
892,17
893,17
894,14
895,14
896,17
897,1
898,3
899,5
900,6
901,8
902,1
903,17
904,5
905,5
906,5
907,2
908
909
910,5
911,17
912
913,14
914,1
915,17
916,16
917,3
918,13
919,17
920,1
921,2
922,16
923
924,6
925,8
926,17
927,5
928,17
929,6
930,1
931,1
932,16
933,17
934
935,6
936,5
937,17
938,1
939,6
940,1
941,17
942,17
943,5
944
945,8
946,16
947
948,3
949,17
950,17
951
952,1
953,14
954,17
955,5
956,5
957,1
958,17
959,17
960,6
961,17
962,3
963,1
964,17
965,12
966,16
967,1
968,8
969,1
970,1
971,16
972,17
973,6
974,6
975,13
976,17
977,17
978,14
979,3
980,8
981,17
982,17
983
984,3
985,1
986,17
987,13
988,1
989,17
990,6
991,6
992,17
993,1
994,11
995,17
996,17
997,17
998,11
999,1
1000,17
1001
1002
1003,6
1004
1005,1
1006
1007
1008,8
1009
1010,14
1011,1
1012
1013,1
1014,5
1015
1016,1
1017
1018
1019
1020,8
1021,17
1022,8
1023,1
1024,17
1025,8
1026
1027,14
1028,12
1029,1
1030,8
1031,17
1032,17
1033,1
1034
1035,1
1036,1
1037,16
1038
1039
1040,8
1041,5
1042,1
1043,1
1044
1045,17
1046,5
1047
1048,17
1049,16
1050,1
1051,17
1052,17
1053,17
1054,1
1055,7
1056,11
1057,16
1058,17
1059,2
1060,14
1061,1
1062,17
1063
1064,17
1065,17
1066,17
1067
1068,6
1069,1
1070
1071,3
1072,1
1073
1074
1075,14
1076
1077,3
1078,1
1079,17
1080,1
1081
1082,17
1083,1
1084,6
1085,1
1086,6
1087,1
1088,1
1089,1
1090,17
1091,5
1092,1
1093,8
1094,6
1095,16
1096,14
1097,15
1098,17
1099,17
1100,8
1101
1102,1
1103
1104,5
1105,1
1106,1
1107,5
1108
1109,14
1110,3
1111
1112,17
1113,1
1114,14
1115,6
1116,8
1117,11
1118,17
1119,1
1120
1121,6
1122,16
1123,9
1124,6
1125,14
1126
1127
1128,17
1129
1130
1131,17
1132,17
1133,8
1134,13
1135,6
1136,11
1137,5
1138,1
1139,14
1140,14
1141,14
1142,17
1143,1
1144,17
1145,16
1146,17
1147,14
1148,17
1149,15
1150,1
1151,15
1152,1
1153,17
1154,15
1155
1156,15
1157,17
1158,1
1159,3
1160,1
1161,1
1162,17
1163,6
1164,14
1165,17
1166,8
1167,6
1168,17
1169,6
1170
1171,13
1172
1173,11
1174
1175,17
1176,1
1177,5
1178,6
1179,5
1180,3
1181,14
1182,17
1183,17
1184,17
1185,1
1186,15
1187,5
1188,17
1189,1
1190,8
1191,17
1192,14
1193,17
1194,15
1195,17
1196,6
1197,14
1198,1
1199,17
1200,5
1201,14
1202
1203,17
1204,6
1205,3
1206,6
1207,6
1208,17
1209,8
1210,6
1211,17
1212,17
1213,3
1214
1215,1
1216,6
1217,17
1218,17
1219,1
1220,16
1221,17
1222,16
1223,15
1224,5
1225,17
1226
1227,1
1228,11
1229,5
1230,17
1231,1
1232,8
1233,6
1234
1235,17
1236,17
1237,5
1238,16
1239,1
1240
1241,17
1242,5
1243,3
1244
1245,5
1246,17
1247,14
1248,1
1249,3
1250,5
1251,16
1252,7
1253,6
1254,1
1255,8
1256,17
1257,3
1258,6
1259,17
1260
1261,17
1262,8
1263,16
1264
1265,1
1266,12
1267
1268,15
1269,5
1270,6
1271,14
1272
1273
1274
1275,5
1276,5
1277,17
1278,5
1279,11
1280
1281,14
1282,14
1283,8
1284,3
1285,17
1286,3
1287,1
1288,17
1289,1
1290,1
1291,8
1292,1
1293
1294,3
1295,17
1296,5
1297,5
1298,1
1299,1
1300,1
1301,1
1302,1
1303,17
1304,14
1305,8
1306,14
1307,1
1308,16
1309,3
1310,17
1311,17
1312,17
1313,1
1314
1315,13
1316,14
1317,5
1318,6
1319,6
1320,15
1321
1322,17
1323,17
1324,17
1325
1326,8
1327,5
1328,6
1329,17
1330,16
1331,13
1332
1333,12
1334
1335,5
1336,6
1337
1338,6
1339,9
1340,14
1341,14
1342,17
1343,17
1344,11
1345,1
1346,17
1347,1
1348
1349,1
1350,17
1351,17
1352,17
1353,17
1354,6
1355,3
1356,14
1357,6
1358,1
1359,14
1360,15
1361,1
1362,3
1363,5
1364,17
1365,17
1366,14
1367
1368,1
1369,17
1370,1
1371,17
1372
1373,14
1374,1
1375,6
1376,17
1377,14
1378,16
1379
1380,1
1381
1382,6
1383,17
1384,17
1385,5
1386,15
1387
1388,17
1389
1390,17
1391,3
1392,1
1393
1394,1
1395,5
1396,17
1397
1398,16
1399,12
1400
1401,17
1402,17
1403,17
1404,17
1405,5
1406,6
1407,5
1408
1409,17
1410
1411
1412,17
1413,1
1414,17
1415,17
1416,6
1417,15
1418,5
1419,1
1420,17
1421,17
1422,6
1423,6
1424,8
1425,17
1426,3
1427,13
1428,5
1429,8
1430,1
1431,8
1432,1
1433,17
1434
1435,17
1436,16
1437,7
1438,17
1439,1
1440,6
1441,14
1442,17
1443,7
1444,14
1445,3
1446
1447,15
1448,15
1449,1
1450,6
1451,6
1452,2
1453,1
1454,8
1455,14
1456,17
1457,17
1458,6
1459,11
1460,17
1461,5
1462,3
1463,14
1464,1
1465
1466,17
1467,1
1468,1
1469,6
1470,3
1471,8
1472,17
1473,3
1474,1
1475,17
1476
1477,1
1478,17
1479,17
1480,15
1481,1
1482
1483,8
1484,5
1485,6
1486,8
1487,1
1488,1
1489,7
1490,17
1491,12
1492,3
1493,1
1494,1
1495,14
1496,6
1497,17
1498,1
1499,17
1500,6
1501,1
1502
1503,16
1504,17
1505,17
1506,1
1507,13
1508,17
1509,15
1510,1
1511
1512
1513,5
1514
1515,1
1516,1
1517
1518,1
1519,6
1520,8
1521,14
1522
1523,6
1524
1525,16
1526,14
1527,16
1528,14
1529,1
1530,14
1531,14
1532
1533,5
1534,17
1535,3
1536,8
1537,1
1538,17
1539,3
1540
1541
1542,1
1543
1544,6
1545,14
1546,17
1547
1548,3
1549,1
1550,6
1551,3
1552,17
1553,17
1554,1
1555
1556,14
1557
1558,1
1559,6
1560,15
1561,17
1562
1563,17
1564,8
1565
1566,14
1567
1568,14
1569,8
1570,17
1571,17
1572,8
1573,3
1574,1
1575
1576,17
1577,17
1578,17
1579,17
1580,17
1581,5
1582,6
1583,1
1584,1
1585,3
1586,8
1587,1
1588,16
1589,6
1590
1591,3
1592,17
1593,15
1594,2
1595
1596,6
1597,1
1598,8
1599,6
1600,11
1601,6
1602,13
1603,17
1604,16
1605,8
1606,6
1607,3
1608,17
1609,17
1610,8
1611
1612
1613
1614,3
1615,1
1616,14
1617,17
1618,6
1619,17
1620,7
1621,16
1622,6
1623,17
1624,8
1625,17
1626,17
1627,1
1628,17
1629,6
1630,1
1631,6
1632
1633,2
1634,6
1635,8
1636,8
1637,5
1638,1
1639,15
1640,6
1641
1642,6
1643,12
1644,17
1645
1646,1
1647,16
1648,17
1649,1
1650,17
1651,6
1652,14
1653
1654,6
1655
1656,17
1657,13
1658,14
1659,17
1660,5
1661,17
1662
1663,14
1664,14
1665,14
1666,14
1667,14
1668,17
1669,14
1670,17
1671,6
1672,15
1673,1
1674
1675,13
1676,1
1677,1
1678
1679,5
1680,6
1681,7
1682,17
1683,8
1684,1
1685,1
1686,6
1687,17
1688,1
1689,14
1690,17
1691,5
1692,6
1693,8
1694,3
1695,17
1696,17
1697,5
1698,17
1699,15
1700
1701,14
1702,7
1703,17
1704,5
1705,1
1706
1707,1
1708
1709,1
1710,1
1711,14
1712,17
1713
1714,1
1715,1
1716,1
1717,3
1718,1
1719,6
1720
1721,8
1722
1723,14
1724,17
1725,14
1726,6
1727,3
1728,17
1729,1
1730,14
1731,1
1732,9
1733
1734,3
1735,11
1736
1737,17
1738,1
1739,14
1740,16
1741,17
1742,1
1743
1744,14
1745,11
1746,8
1747,1
1748,17
1749,1
1750,16
1751,5
1752,17
1753,17
1754,3
1755,3
1756,5
1757,17
1758,8
1759,6
1760
1761,5
1762,3
1763,3
1764,17
1765,1
1766
1767,17
1768,14
1769,3
1770,8
1771,1
1772,6
1773,4
1774,17
1775,14
1776,15
1777
1778,1
1779
1780,1
1781,8
1782,1
1783,17
1784,1
1785,6
1786,5
1787,1
1788,17
1789,8
1790,17
1791,5
1792,8
1793,6
1794,15
1795,3
1796
1797,1
1798,14
1799,1
1800
1801,6
1802
1803,3
1804,1
1805
1806,14
1807,17
1808,14
1809,6
1810,6
1811,6
1812,17
1813,17
1814
1815
1816,3
1817,15
1818,17
1819,3
1820,1
1821
1822,5
1823,1
1824,17
1825,8
1826,1
1827,14
1828,1
1829,1
1830,1
1831
1832,16
1833,1
1834,3
1835,6
1836,7
1837,16
1838
1839,1
1840,7
1841,17
1842,8
1843,17
1844,5
1845
1846
1847
1848,1
1849,17
1850,15
1851,1
1852,1
1853,17
1854,1
1855,7
1856,17
1857
1858,1
1859,5
1860,1
1861
1862
1863
1864
1865,6
1866
1867,14
1868,17
1869,5
1870,16
1871,7
1872,5
1873,5
1874,11
1875,1
1876,15
1877
1878,1
1879,1
1880,5
1881,11
1882,1
1883
1884,8
1885,3
1886,14
1887,17
1888,5
1889,6
1890,17
1891
1892,8
1893,17
1894,8
1895,12
1896,1
1897,3
1898,17
1899,11
1900,17
1901,16
1902,1
1903,3
1904,6
1905,1
1906,1
1907,3
1908,17
1909,17
1910,11
1911
1912,3
1913
1914
1915,1
1916,3
1917,6
1918,3
1919,8
1920
1921,6
1922,5
1923,3
1924
1925,14
1926,6
1927,5
1928,13
1929,7
1930,3
1931,1
1932,6
1933,15
1934,15
1935,8
1936,17
1937,15
1938,3
1939,3
1940,1
1941,6
1942,1
1943,6
1944,12
1945,6
1946
1947,1
1948,1
1949,1
1950,8
1951,3
1952,17
1953,17
1954,8
1955,3
1956,1
1957,11
1958,15
1959,1
1960,8
1961,17
1962,4
1963,13
1964,16
1965,6
1966
1967
1968
1969
1970
1971
1972,1
1973,1
1974,17
1975,6
1976
1977,17
1978,17
1979,17
1980,6
1981,15
1982,14
1983,17
1984,16
1985,3
1986,1
1987,11
1988,14
1989,5
1990,17
1991,1
1992,17
1993,6
1994,16
1995,14
1996,1
1997,14
1998
1999,14
2000,1
2001,16
2002,14
2003,5
2004,17
2005,17
2006,17
2007,8
2008,14
2009
2010
2011
2012,1
2013,17
2014
2015,15
2016,1
2017,8
2018,16
2019,1
2020,8
2021,1
2022,17
2023,5
2024
2025,3
2026,14
2027,17
2028,14
2029
2030,15
2031
2032,17
2033,17
2034,14
2035,9
2036,8
2037,15
2038,17
2039,13
2040,5
2041,2
2042
2043,17
2044
2045,5
2046,5
2047
2048,17
2049,3
2050,6
2051,13
2052,3
2053,3
2054,11
2055
2056,8
2057,11
2058,7
2059,3
2060,6
2061,8
2062,3
2063,14
2064,1
2065,17
2066,11
2067,6
2068,3
2069,1
2070
2071,15
2072,14
2073
2074,12
2075,6
2076,1
2077,16
2078,14
2079,17
2080,1
2081,1
2082,1
2083
2084,16
2085,15
2086,1
2087,6
2088,17
2089
2090
2091,3
2092,17
2093,17
2094
2095,17
2096,1
2097,14
2098,17
2099,6
2100
2101,11
2102,15
2103,1
2104,17
2105,5
2106,17
2107,17
2108,17
2109,16
2110,14
2111,14
2112,1
2113,1
2114,8
2115,6
2116,17
2117,1
2118,16
2119,5
2120,8
2121,16
2122,1
2123,1
2124,1
2125,6
2126,3
2127,1
2128,3
2129,17
2130,15
2131
2132,17
2133
2134,11
2135,17
2136,11
2137
2138,14
2139,1
2140,17
2141
2142,5
2143,17
2144,17
2145,5
2146,1
2147,6
2148,17
2149,1
2150,17
2151
2152,17
2153,1
2154,15
2155,17
2156,5
2157,17
2158,8
2159,1
2160,11
2161,17
2162,1
2163,17
2164,1
2165,1
2166,11
2167,3
2168,17
2169,4
2170,1
2171,17
2172,3
2173
2174,17
2175,2
2176,16
2177,1
2178
2179,1
2180,6
2181,17
2182,13
2183,1
2184,1
2185,6
2186
2187,1
2188,6
2189,1
2190,8
2191,8
2192,1
2193,8
2194,6
2195,8
2196,17
2197,14
2198,17
2199,15
2200,17
2201
2202,17
2203,14
2204,14
2205,1
2206,17
2207
2208,1
2209,17
2210,16
2211,13
2212,11
2213
2214,1
2215,6
2216,14
2217,5
2218,5
2219
2220,6
2221
2222,6
2223,17
2224,17
2225
2226,6
2227,17
2228,17
2229,1
2230,5
2231
2232,3
2233,6
2234,5
2235,8
2236,17
2237,6
2238
2239
2240,14
2241,1
2242
2243,8
2244,3
2245,3
2246,5
2247,17
2248,8
2249,14
2250,14
2251,12
2252,6
2253,14
2254
2255,1
2256,6
2257
2258,16
2259,6
2260,1
2261,17
2262
2263,14
2264
2265,15
2266,15
2267,15
2268,17
2269
2270,1
2271,17
2272,6
2273
2274,3
2275,17
2276,17
2277,5
2278,8
2279,3
2280
2281,1
2282,17
2283,3
2284
2285,17
2286,14
2287,6
2288,17
2289,5
2290
2291,3
2292,9
2293,17
2294,13
2295,1
2296,3
2297,17
2298,3
2299,8
2300,1
2301,5
2302,1
2303,1
2304,8
2305,6
2306
2307,1
2308,15
2309,1
2310,17
2311,14
2312
2313,6
2314,17
2315,1
2316
2317,14
2318,6
2319,8
2320
2321,6
2322,14
2323,6
2324,17
2325,14
2326
2327,17
2328,13
2329,14
2330,15
2331,1
2332,6
2333,17
2334,1
2335,17
2336
2337,17
2338
2339,17
2340,1
2341,6
2342,6
2343,5
2344
2345,3
2346,8
2347,8
2348,17
2349,6
2350,14
2351,1
2352,17
2353,5
2354,1
2355,5
2356,1
2357,1
2358,16
2359,1
2360,12
2361
2362,17
2363,6
2364,17
2365
2366,6
2367
2368,1
2369,3
2370,1
2371,1
2372,14
2373
2374
2375,3
2376,16
2377,1
2378,14
2379,17
2380,3
2381,17
2382,17
2383
2384,17
2385,8
2386,16
2387,3
2388,15
2389,7
2390
2391,17
2392,5
2393,3
2394,17
2395,17
2396,1
2397,17
2398,14
2399,1
2400,17
2401,1
2402,1
2403
2404,1
2405,17
2406,8
2407,9
2408,6
2409,8
2410,1
2411,1
2412
2413,17
2414,8
2415,3
2416
2417
2418
2419,14
2420,1
2421
2422,1
2423,16
2424,8
2425,17
2426,17
2427,6
2428,17
2429
2430,5
2431,14
2432,1
2433,2
2434
2435
2436,17
2437
2438,1
2439,17
2440,1
2441,6
2442,8
2443,17
2444,1
2445
2446,17
2447,17
2448
2449,1
2450,3
2451,1
2452
2453,7
2454,15
2455,1
2456,6
2457,17
2458,5
2459,9
2460,16
2461,6
2462,17
2463,17
2464,17
2465,9
2466
2467,17
2468,17
2469
2470,1
2471,17
2472,5
2473,17
2474,6
2475,17
2476
2477,16
2478,14
2479,17
2480
2481,15
2482,17
2483,11
2484,6
2485
2486
2487,1
2488
2489,6
2490
2491,16
2492,15
2493
2494
2495,1
2496
2497,16
2498,17
2499,15
2500,7
2501,9
2502,3
2503
2504,9
2505,1
2506,8
2507,6
2508,14
2509,14
2510,14
2511,5
2512,14
2513,6
2514,16
2515,17
2516,1
2517,14
2518,1
2519,1
2520,1
2521,17
2522
2523,17
2524,1
2525,1
2526,17
2527,14
2528,1
2529,14
2530,1
2531
2532,17
2533,1
2534,1
2535,17
2536,14
2537
2538,15
2539,17
2540,6
2541,17
2542,6
2543
2544,1
2545,8
2546,7
2547,17
2548,14
2549,8
2550,8
2551,1
2552,1
2553,3
2554,17
2555,1
2556
2557,17
2558,4
2559,8
2560,6
2561,15
2562,17
2563,17
2564,1
2565
2566,1
2567,11
2568,16
2569,17
2570,14
2571
2572,5
2573,12
2574,17
2575,15
2576,8
2577,15
2578,16
2579,17
2580,1
2581,3
2582,14
2583,17
2584,1
2585,17
2586,11
2587,1
2588,1
2589,17
2590,8
2591,6
2592,17
2593,5
2594
2595,16
2596,6
2597
2598,5
2599,1
2600,1
2601,1
2602,3
2603
2604,15
2605,5
2606,8
2607
2608,14
2609,17
2610,5
2611,17
2612,6
2613,3
2614,15
2615,6
2616,14
2617,7
2618,17
2619,17
2620,17
2621,3
2622,6
2623,14
2624,17
2625,1
2626,1
2627,1
2628,15
2629,17
2630,1
2631,17
2632,17
2633,11
2634,17
2635,14
2636,1
2637,1
2638
2639,17
2640,17
2641,17
2642,15
2643,3
2644
2645,7
2646,3
2647
2648
2649,3
2650,16
2651,15
2652,11
2653,14
2654,6
2655,8
2656,6
2657
2658,6
2659,5
2660,3
2661,4
2662,8
2663,11
2664,6
2665,5
2666,6
2667,1
2668,15
2669,1
2670
2671,16
2672,14
2673
2674,2
2675,7
2676,1
2677,6
2678,3
2679,17
2680,17
2681,17
2682,3
2683,3
2684,17
2685
2686,1
2687,17
2688,17
2689,14
2690,14
2691,3
2692,1
2693,1
2694,14
2695,3
2696,15
2697,6
2698,1
2699,17
2700,1
2701,1
2702,17
2703,3
2704,17
2705,17
2706,17
2707,6
2708,6
2709,3
2710,17
2711,2
2712,6
2713,17
2714
2715,14
2716,3
2717,17
2718,1
2719,1
2720,6
2721,8
2722,7
2723
2724
2725
2726,6
2727,1
2728,1
2729,17
2730,2
2731,16
2732,15
2733,1
2734
2735,7
2736,14
2737,1
2738,8
2739,1
2740,2
2741,2
2742,6
2743,14
2744,17
2745,1
2746
2747,3
2748,14
2749,16
2750
2751,1
2752,1
2753,3
2754,14
2755,17
2756,17
2757,1
2758,11
2759,14
2760
2761,14
2762
2763
2764,17
2765,3
2766,6
2767
2768,5
2769,1
2770,5
2771,5
2772,1
2773,17
2774,17
2775,17
2776,17
2777,3
2778,3
2779,7
2780,1
2781,1
2782,1
2783,5
2784,6
2785,3
2786,17
2787,14
2788,17
2789,15
2790,15
2791
2792,17
2793,16
2794,5
2795,8
2796,6
2797,1
2798
2799,17
2800,3
2801,6
2802,6
2803,1
2804,1
2805
2806,5
2807,14
2808,17
2809,7
2810,17
2811,1
2812,6
2813,1
2814,6
2815,8
2816,1
2817,1
2818,14
2819,17
2820,6
2821,16
2822,9
2823,17
2824,17
2825
2826,15
2827,3
2828,6
2829,17
2830,17
2831,8
2832,8
2833,3
2834,1
2835,15
2836,8
2837
2838,2
2839,12
2840,17
2841,6
2842,1
2843,1
2844,17
2845,8
2846
2847
2848
2849
2850,2
2851,3
2852,1
2853,5
2854
2855,1
2856,8
2857,8
2858
2859,17
2860,11
2861,16
2862,6
2863,8
2864,1
2865
2866,17
2867,17
2868,1
2869,17
2870
2871
2872,17
2873,14
2874,17
2875
2876
2877,8
2878
2879,1
2880,3
2881,3
2882,5
2883,1
2884,15
2885,15
2886,16
2887,14
2888,5
2889,1
2890
2891,1
2892,14
2893,6
2894,6
2895,6
2896,8
2897,17
2898,14
2899,7
2900,17
2901,14
2902,17
2903,8
2904,16
2905,14
2906,8
2907,1
2908,17
2909,6
2910,17
2911,1
2912,6
2913,6
2914,17
2915,8
2916,12
2917,1
2918,1
2919,14
2920,17
2921,7
2922,17
2923,6
2924,1
2925,17
2926,17
2927,1
2928
2929
2930,3
2931,1
2932,8
2933,15
2934,15
2935,14
2936,8
2937,1
2938,8
2939,3
2940,6
2941,6
2942
2943,5
2944,11
2945,1
2946
2947,5
2948,17
2949
2950,1
2951,17
2952,1
2953,15
2954,17
2955,6
2956,14
2957,14
2958
2959,8
2960,1
2961,1
2962,1
2963
2964,9
2965,5
2966,17
2967,17
2968,5
2969,17
2970,1
2971,3
2972,8
2973,1
2974,1
2975,3
2976,15
2977
2978,17
2979,1
2980
2981,14
2982,15
2983,3
2984,14
2985,8
2986,17
2987,1
2988,16
2989,13
2990,14
2991,8
2992,14
2993,6
2994,17
2995,17
2996,1
2997,17
2998,11
2999,5
3000,8
3001,1
3002,1
3003,14
3004,17
3005,11
3006,8
3007,9
3008,17
3009,6
3010
3011,5
3012,16
3013,14
3014
3015,14
3016,1
3017
3018,3
3019,17
3020,17
3021,17
3022
3023,1
3024,1
3025,4
3026,13
3027,14
3028,17
3029,17
3030,6
3031,8
3032
3033,6
3034,1
3035,16
3036,8
3037,17
3038,14
3039,17
3040,8
3041,6
3042,14
3043
3044,6
3045,11
3046,14
3047
3048,5
3049,17
3050,6
3051,11
3052,17
3053,15
3054,1
3055,17
3056,15
3057,14
3058,17
3059,17
3060,17
3061,15
3062,17
3063
3064,16
3065,17
3066,17
3067,13
3068,17
3069,15
3070
3071,17
3072,2
3073,17
3074,6
3075,8
3076,1
3077,3
3078,14
3079,3
3080,1
3081
3082,3
3083,8
3084,5
3085
3086,17
3087,12
3088,1
3089,8
3090
3091,1
3092,3
3093,8
3094,6
3095,17
3096,5
3097,6
3098,4
3099
3100,3
3101,7
3102,14
3103,1
3104
3105,6
3106,1
3107,6
3108
3109,3
3110,1
3111,17
3112,1
3113,5
3114,16
3115,1
3116,17
3117,3
3118,15
3119,17
3120,11
3121,14
3122,17
3123,17
3124,5
3125
3126,8
3127,13
3128,8
3129,8
3130,6
3131,14
3132,1
3133
3134,8
3135,17
3136,8
3137,1
3138,8
3139,1
3140,8
3141,17
3142,1
3143,5
3144,17
3145
3146,5
3147,14
3148,1
3149,17
3150,1
3151,6
3152,5
3153,6
3154
3155,8
3156
3157,14
3158,8
3159,6
3160,1
3161
3162,14
3163,17
3164,8
3165
3166,1
3167,17
3168,17
3169,17
3170,14
3171
3172
3173,16
3174,1
3175,16
3176,17
3177,6
3178,17
3179,9
3180,17
3181,3
3182,3
3183
3184,17
3185
3186,8
3187,6
3188,17
3189,17
3190,6
3191,11
3192,14
3193,7
3194,14
3195,6
3196,2
3197,17
3198
3199,17
3200,17
3201
3202,6
3203,17
3204,8
3205
3206
3207,8
3208
3209,15
3210,8
3211
3212,6
3213,15
3214,1
3215,1
3216,17
3217,14
3218
3219
3220,17
3221,1
3222,17
3223,1
3224,14
3225,17
3226,1
3227,17
3228,14
3229,8
3230,11
3231,8
3232,7
3233,1
3234,8
3235,17
3236,16
3237,3
3238,1
3239,6
3240
3241,17
3242
3243,17
3244
3245,17
3246,1
3247,8
3248,3
3249,7
3250,5
3251
3252,6
3253
3254
3255,14
3256
3257,14
3258,1
3259,1
3260,16
3261,5
3262
3263,17
3264
3265,17
3266,8
3267,6
3268,1
3269,14
3270,1
3271,17
3272,6
3273,17
3274,14
3275,14
3276,3
3277,17
3278,14
3279,1
3280,17
3281,6
3282,11
3283
3284,17
3285,17
3286
3287,4
3288,17
3289
3290,17
3291,1
3292,17
3293,1
3294
3295,17
3296,8
3297,6
3298,5
3299,17
3300,1
3301,1
3302,1
3303,1
3304,5
3305,9
3306,7
3307
3308,15
3309,16
3310,1
3311,3
3312,8
3313,16
3314,14
3315,7
3316,15
3317
3318,1
3319,17
3320,1
3321,14
3322,3
3323,2
3324,1
3325,3
3326,3
3327
3328,3
3329,17
3330
3331,17
3332,17
3333
3334
3335,6
3336,15
3337
3338
3339,1
3340,6
3341,14
3342,17
3343,1
3344,3
3345,13
3346,1
3347,11
3348,17
3349,1
3350,1
3351,1
3352,14
3353,6
3354,11
3355,6
3356,1
3357,17
3358,13
3359,1
3360,14
3361,14
3362,11
3363,17
3364,1
3365,17
3366,6
3367
3368,8
3369,17
3370,6
3371,8
3372
3373,3
3374,3
3375,16
3376,17
3377,15
3378,1
3379,16
3380,17
3381,17
3382,3
3383,14
3384,1
3385,8
3386,12
3387
3388,6
3389,1
3390,15
3391,14
3392
3393,17
3394,14
3395
3396,17
3397
3398,17
3399,15
3400,14
3401,5
3402
3403,3
3404,8
3405
3406,5
3407,17
3408
3409
3410,1
3411,17
3412,13
3413,1
3414,1
3415,14
3416
3417,14
3418,17
3419,17
3420,14
3421,1
3422,1
3423,1
3424,8
3425,17
3426,17
3427,1
3428,17
3429,17
3430,8
3431,14
3432,5
3433,3
3434,3
3435,1
3436,17
3437,8
3438,17
3439,16
3440,8
3441,1
3442,17
3443,17
3444,7
3445,17
3446,5
3447,14
3448,15
3449,6
3450,17
3451,6
3452,1
3453,17
3454,1
3455,1
3456,5
3457,17
3458,6
3459,1
3460,8
3461
3462,14
3463,14
3464
3465
3466,3
3467,14
3468,14
3469,11
3470,1
3471
3472,6
3473,1
3474,5
3475,9
3476,3
3477
3478,6
3479,3
3480
3481,8
3482,14
3483,6
3484,17
3485,1
3486,5
3487,1
3488,5
3489,17
3490,15
3491,6
3492,1
3493,6
3494
3495,6
3496,5
3497,1
3498
3499
3500,11
3501,17
3502,15
3503,14
3504
3505,17
3506,17
3507,8
3508,15
3509,6
3510
3511,6
3512,11
3513,17
3514,6
3515,6
3516,1
3517,17
3518
3519,17
3520,6
3521,11
3522,1
3523,17
3524,17
3525
3526,1
3527,6
3528,17
3529
3530,17
3531,3
3532,3
3533,17
3534,1
3535,1
3536,5
3537
3538,17
3539,1
3540,6
3541,17
3542,3
3543,3
3544
3545,1
3546,6
3547
3548,3
3549,3
3550,1
3551,17
3552,6
3553,1
3554,1
3555,14
3556,6
3557,15
3558,1
3559,15
3560
3561,1
3562,15
3563,17
3564,11
3565,1
3566
3567,1
3568
3569,3
3570,3
3571,1
3572,17
3573,17
3574,16
3575,3
3576,17
3577,6
3578,17
3579,14
3580
3581,17
3582,3
3583,9
3584,2
3585,16
3586
3587,6
3588,1
3589,17
3590,1
3591,15
3592
3593,16
3594
3595,1
3596,17
3597
3598,2
3599,11
3600,17
3601,1
3602,8
3603,14
3604,2
3605,6
3606,8
3607,6
3608,14
3609,6
3610,17
3611
3612,6
3613
3614
3615,3
3616,1
3617,6
3618,17
3619,5
3620,1
3621
3622,6
3623,1
3624,17
3625,17
3626,14
3627,5
3628,6
3629,11
3630,17
3631,17
3632,8
3633,6
3634,8
3635,17
3636,1
3637,5
3638,17
3639,17
3640,8
3641,17
3642,17
3643,1
3644
3645,14
3646,17
3647,1
3648
3649,17
3650,17
3651,16
3652,16
3653,14
3654,1
3655,8
3656,14
3657
3658,17
3659
3660
3661,1
3662,9
3663,1
3664,15
3665,17
3666,17
3667,17
3668,14
3669
3670,17
3671,1
3672,1
3673,1
3674,11
3675,1
3676,6
3677,16
3678,1
3679,6
3680,1
3681
3682,1
3683,8
3684,9
3685,6
3686,17
3687,17
3688,1
3689,1
3690,1
3691,5
3692,3
3693,17
3694,15
3695,6
3696,17
3697,8
3698,17
3699,1
3700,17
3701
3702
3703,12
3704
3705,14
3706,14
3707,2
3708
3709
3710,1
3711,8
3712,1
3713,3
3714,1
3715,6
3716,14
3717,16
3718,17
3719,1
3720,17
3721,5
3722,1
3723,1
3724,9
3725,14
3726,1
3727,17
3728,17
3729,15
3730,9
3731,3
3732
3733,6
3734,9
3735,1
3736,14
3737,17
3738,11
3739,17
3740,1
3741,1
3742,8
3743
3744,14
3745,1
3746,1
3747,14
3748,16
3749,3
3750,17
3751,17
3752,6
3753
3754,2
3755,17
3756
3757,8
3758,17
3759,3
3760,6
3761,1
3762,17
3763,15
3764,17
3765,3
3766,15
3767,14
3768,14
3769,14
3770,1
3771,17
3772,7
3773,6
3774,1
3775,16
3776,6
3777,6
3778,16
3779,6
3780,1
3781,5
3782,1
3783
3784,1
3785,14
3786,8
3787,1
3788
3789,16
3790,17
3791,5
3792,1
3793,3
3794,1
3795,1
3796,17
3797,17
3798,7
3799,16
3800,17
3801,17
3802,3
3803,17
3804,1
3805,1
3806,1
3807,17
3808
3809,8
3810,13
3811,1
3812
3813,1
3814
3815,1
3816,5
3817,1
3818,17
3819,16
3820,17
3821,14
3822,8
3823,1
3824,14
3825,17
3826,14
3827,17
3828,8
3829,17
3830,17
3831,11
3832,17
3833,8
3834,3
3835,1
3836,14
3837,5
3838,8
3839,17
3840,17
3841,1
3842,1
3843,3
3844,3
3845,8
3846,17
3847,8
3848
3849,1
3850,1
3851,3
3852,1
3853,14
3854,17
3855,8
3856,8
3857,11
3858,1
3859,1
3860,17
3861,3
3862,6
3863,1
3864,15
3865,11
3866,1
3867,17
3868
3869,6
3870,6
3871
3872
3873,17
3874,9
3875,5
3876,17
3877,9
3878
3879,17
3880,6
3881,1
3882
3883,17
3884,14
3885,15
3886,14
3887,17
3888,17
3889,14
3890,14
3891,3
3892,6
3893,13
3894,17
3895,17
3896
3897,2
3898,1
3899
3900,17
3901,1
3902,1
3903,17
3904,6
3905,1
3906,3
3907,1
3908,14
3909,5
3910,17
3911,1
3912,6
3913,5
3914
3915,1
3916,14
3917,3
3918,17
3919
3920,11
3921,17
3922,14
3923
3924,17
3925,13
3926,11
3927,11
3928,5
3929,12
3930,17
3931,17
3932,1
3933
3934,8
3935,14
3936,3
3937,14
3938,14
3939,16
3940,14
3941,3
3942
3943,6
3944,7
3945,14
3946,14
3947,3
3948
3949,9
3950,15
3951,5
3952,14
3953,1
3954,15
3955,17
3956,5
3957,17
3958,16
3959,6
3960,17
3961
3962,1
3963,13
3964,15
3965,16
3966,17
3967,1
3968
3969,3
3970,1
3971,15
3972,6
3973,5
3974,6
3975
3976,12
3977,14
3978,1
3979,16
3980,1
3981,6
3982,17
3983,16
3984,14
3985,17
3986,6
3987,17
3988,2
3989
3990,14
3991,17
3992,8
3993,17
3994,3
3995,1
3996
3997,14
3998,8
3999,17
4000,14
4001,7
4002,3
4003
4004,17
4005,14
4006,14
4007,17
4008,1
4009,5
4010,3
4011,17
4012,1
4013
4014,1
4015,3
4016
4017
4018
4019,13
4020,8
4021
4022,1
4023,1
4024,17
4025,2
4026,16
4027
4028,3
4029,6
4030
4031,7
4032,1
4033,17
4034,14
4035,14
4036,17
4037,1
4038,14
4039
4040,1
4041,17
4042,17
4043,6
4044
4045
4046,1
4047,17
4048,17
4049,17
4050,1
4051,17
4052,14
4053,6
4054,8
4055
4056
4057,17
4058
4059,17
4060,3
4061,6
4062
4063,14
4064
4065,11
4066,1
4067,1
4068,6
4069
4070,3
4071,1
4072,14
4073
4074,17
4075,17
4076,17
4077,17
4078,1
4079
4080,17
4081,17
4082,9
4083
4084,7
4085,17
4086
4087,8
4088,8
4089,17
4090,13
4091,1
4092
4093,17
4094
4095,17
4096,17
4097,1
4098,14
4099,17
4100,17
4101,17
4102,6
4103
4104,2
4105,3
4106,17
4107,17
4108
4109,1
4110,7
4111,5
4112,14
4113
4114
4115
4116,1
4117,6
4118
4119,14
4120
4121,17
4122,14
4123,17
4124,1
4125,17
4126,8
4127,1
4128,17
4129,17
4130,17
4131,1
4132
4133,1
4134,15
4135,6
4136,17
4137,17
4138,16
4139,5
4140,17
4141,1
4142,5
4143,17
4144
4145,16
4146,8
4147,1
4148,17
4149,3
4150,17
4151,14
4152,17
4153,3
4154,3
4155,12
4156,1
4157,17
4158,17
4159,3
4160,3
4161,17
4162,1
4163,17
4164,2
4165,17
4166,5
4167,1
4168,3
4169
4170,12
4171
4172
4173,3
4174,1
4175,11
4176,5
4177,3
4178,3
4179
4180,15
4181,17
4182,1
4183,6
4184,1
4185,11
4186
4187,8
4188,14
4189,5
4190,1
4191
4192
4193,8
4194,5
4195,15
4196,8
4197,15
4198
4199,7
4200,6
4201,1
4202
4203,14
4204,6
4205,3
4206,17
4207,1
4208,8
4209,13
4210,1
4211,17
4212,17
4213,1
4214,5
4215,17
4216,17
4217,17
4218,15
4219
4220,3
4221,17
4222,17
4223,1
4224,1
4225,17
4226,9
4227,17
4228,1
4229,3
4230,15
4231
4232,14
4233
4234,17
4235,5
4236,5
4237,14
4238,6
4239,1
4240
4241,17
4242
4243,8
4244
4245,14
4246,5
4247,14
4248,1
4249,3
4250,3
4251,7
4252,12
4253,1
4254,17
4255,3
4256,5
4257,17
4258,16
4259,1
4260,3
4261,17
4262,17
4263,1
4264,3
4265,1
4266,17
4267
4268,5
4269,8
4270,17
4271
4272,1
4273,17
4274,1
4275,17
4276,17
4277
4278,11
4279,17
4280,1
4281
4282,1
4283,5
4284,1
4285,1
4286,17
4287,5
4288,15
4289,17
4290
4291,1
4292,1
4293,15
4294,17
4295,17
4296,6
4297,3
4298,17
4299,14
4300,17
4301,16
4302,17
4303
4304,5
4305,7
4306
4307,17
4308,1
4309,14
4310,14
4311,6
4312
4313,1
4314,16
4315,15
4316,17
4317
4318,13
4319,17
4320,17
4321,5
4322,1
4323,16
4324,5
4325
4326,5
4327,1
4328,1
4329,1
4330,8
4331,5
4332,16
4333,5
4334,17
4335
4336,3
4337,14
4338,5
4339,12
4340,14
4341,8
4342,8
4343,14
4344,17
4345,17
4346,17
4347,17
4348,3
4349,1
4350,14
4351
4352
4353
4354,2
4355,1
4356,8
4357,7
4358,2
4359,8
4360
4361,14
4362,17
4363,17
4364,16
4365
4366,14
4367,1
4368,3
4369,3
4370,13
4371,1
4372,1
4373
4374,5
4375,17
4376,1
4377
4378,14
4379,3
4380,3
4381,11
4382,6
4383,3
4384,3
4385,17
4386,14
4387,17
4388,6
4389,15
4390,14
4391,15
4392,5
4393,14
4394,1
4395
4396,15
4397,3
4398,17
4399,1
4400,6
4401,16
4402
4403,14
4404
4405,9
4406
4407
4408,1
4409
4410,12
4411,5
4412
4413
4414,1
4415,16
4416
4417,14
4418
4419,17
4420
4421,3
4422,17
4423,1
4424,17
4425,17
4426,17
4427,12
4428,3
4429,6
4430,1
4431,11
4432,1
4433,17
4434,15
4435,15
4436,17
4437,3
4438,8
4439,15
4440,14
4441,1
4442
4443,1
4444
4445,17
4446,3
4447,13
4448,6
4449,14
4450,17
4451,8
4452,17
4453,6
4454
4455,7
4456,14
4457,3
4458,8
4459
4460,1
4461
4462,14
4463,3
4464,14
4465,1
4466,17
4467
4468
4469
4470,16
4471,17
4472,1
4473,6
4474,5
4475,17
4476,1
4477,1
4478,8
4479
4480,1
4481,3
4482,3
4483
4484,17
4485,1
4486,1
4487
4488,12
4489,1
4490,17
4491,1
4492,1
4493,17
4494
4495,2
4496,14
4497,1
4498,17
4499,6
4500
4501,6
4502,17
4503,1
4504,17
4505,3
4506,6
4507
4508,17
4509,1
4510,6
4511,8
4512,3
4513,12
4514,1
4515,17
4516,17
4517,1
4518,3
4519,14
4520
4521,1
4522,16
4523,14
4524,3
4525,14
4526,1
4527,6
4528
4529,17
4530,8
4531,6
4532,6
4533,17
4534,1
4535,17
4536,17
4537,15
4538
4539,15
4540
4541
4542,6
4543,5
4544,11
4545,14
4546,3
4547,1
4548,1
4549,14
4550,14
4551,6
4552,1
4553,8
4554,14
4555,17
4556
4557
4558,3
4559,3
4560,17
4561,14
4562,17
4563
4564,3
4565,14
4566,8
4567,6
4568,8
4569,6
4570,1
4571,1
4572,1
4573
4574
4575,14
4576
4577,8
4578
4579,1
4580,1
4581,3
4582
4583,8
4584
4585,17
4586,1
4587,6
4588,1
4589,1
4590,6
4591,1
4592,5
4593,6
4594,1
4595,1
4596,15
4597,1
4598
4599,1
4600,17
4601,1
4602,16
4603,5
4604,17
4605,14
4606,15
4607,6
4608,14
4609,1
4610,6
4611,6
4612,11
4613,17
4614,14
4615,6
4616,1
4617,1
4618
4619,5
4620
4621,5
4622,14
4623,5
4624,1
4625,9
4626,2
4627,3
4628,2
4629
4630,1
4631,1
4632,6
4633,3
4634,16
4635,1
4636,8
4637,17
4638
4639,15
4640,15
4641,17
4642,1
4643,1
4644,1
4645,13
4646,11
4647,3
4648
4649,1
4650,17
4651,17
4652,16
4653,8
4654,1
4655,17
4656,17
4657,8
4658,1
4659,16
4660
4661,17
4662,1
4663,6
4664,14
4665
4666,15
4667,2
4668,1
4669
4670,9
4671,5
4672,17
4673,17
4674,6
4675,16
4676,8
4677,6
4678,17
4679,6
4680,1
4681
4682,6
4683,8
4684,17
4685,17
4686
4687,1
4688,12
4689,17
4690
4691,1
4692,17
4693,17
4694
4695,1
4696,3
4697,1
4698,1
4699,3
4700,1
4701,8
4702,6
4703,17
4704,8
4705,3
4706,1
4707,17
4708,6
4709,17
4710,9
4711,8
4712
4713,6
4714,9
4715
4716,15
4717,11
4718,6
4719,12
4720,8
4721
4722,17
4723,11
4724,17
4725,17
4726,17
4727,1
4728,15
4729,16
4730,16
4731,17
4732
4733,3
4734,5
4735,17
4736,1
4737,3
4738,14
4739,6
4740,17
4741,17
4742,17
4743,1
4744,3
4745,17
4746,5
4747,14
4748
4749,15
4750,1
4751,17
4752,17
4753,17
4754
4755,8
4756,7
4757
4758,14
4759
4760
4761
4762,17
4763,14
4764,8
4765,17
4766,3
4767,17
4768,1
4769,6
4770,15
4771,17
4772
4773,16
4774,14
4775,17
4776,6
4777
4778,1
4779,5
4780,1
4781,17
4782,17
4783,6
4784,15
4785,6
4786,1
4787,6
4788,6
4789,6
4790,9
4791,1
4792
4793,1
4794,1
4795,6
4796,5
4797
4798,1
4799,17
4800,1
4801,17
4802,1
4803,1
4804,14
4805,3
4806,1
4807,3
4808,6
4809
4810,1
4811,17
4812
4813
4814,1
4815,6
4816,16
4817,1
4818,17
4819,1
4820
4821,17
4822
4823,5
4824,17
4825,1
4826,1
4827,8
4828,17
4829,13
4830,17
4831,12
4832,17
4833,8
4834,1
4835,1
4836,17
4837
4838,16
4839,17
4840,1
4841
4842,8
4843
4844,14
4845,8
4846,1
4847,16
4848,3
4849,6
4850,15
4851
4852,6
4853,15
4854
4855,3
4856
4857,16
4858,16
4859,1
4860,15
4861,1
4862,6
4863,5
4864,17
4865,8
4866,14
4867,17
4868,17
4869,15
4870,17
4871,5
4872,3
4873,17
4874,17
4875,15
4876,17
4877,3
4878,9
4879,3
4880,17
4881,14
4882,1
4883
4884,6
4885,17
4886,3
4887,8
4888,2
4889,17
4890,5
4891
4892,17
4893,15
4894
4895,17
4896,16
4897,8
4898,8
4899,15
4900
4901
4902,5
4903,1
4904,15
4905,16
4906,5
4907,1
4908
4909,1
4910
4911,12
4912,17
4913
4914,16
4915,14
4916,3
4917
4918
4919
4920,17
4921,17
4922,16
4923,17
4924,11
4925,6
4926,14
4927,1
4928,14
4929,17
4930,17
4931,15
4932,17
4933,3
4934,8
4935
4936,1
4937,3
4938,17
4939,17
4940,5
4941,16
4942,1
4943,6
4944,9
4945,16
4946,17
4947,1
4948,17
4949,17
4950,17
4951,1
4952,1
4953,14
4954,1
4955,14
4956
4957,17
4958,1
4959,1
4960,17
4961,14
4962,17
4963,16
4964,15
4965,6
4966,17
4967
4968,1
4969,1
4970,6
4971,6
4972,7
4973,1
4974,17
4975,6
4976
4977
4978,1
4979
4980
4981,1
4982,17
4983,5
4984,11
4985,1
4986,6
4987,14
4988,3
4989,17
4990,14
4991,17
4992,1
4993,7
4994,1
4995,5
4996,3
4997,6
4998,1
4999,6
5000,3
5001,8
5002,1
5003,14
5004,3
5005,5
5006,1
5007,17
5008,16
5009
5010,8
5011,6
5012,16
5013,14
5014,17
5015,14
5016,17
5017,5
5018,5
5019
5020,5
5021,17
5022,3
5023,15
5024
5025,1
5026,17
5027,7
5028,17
5029,8
5030,6
5031,5
5032,3
5033
5034,17
5035,3
5036,8
5037,1
5038
5039,17
5040
5041,6
5042,3
5043,17
5044,6
5045,17
5046,17
5047,15
5048,6
5049,6
5050,3
5051,3
5052,14
5053,8
5054,6
5055,4
5056,14
5057,5
5058,3
5059,1
5060,5
5061,17
5062
5063
5064,1
5065,8
5066,6
5067,6
5068,7
5069,3
5070,6
5071
5072,1
5073,16
5074,8
5075,5
5076,17
5077
5078,17
5079
5080,1
5081,8
5082
5083,3
5084,17
5085,17
5086,11
5087,8
5088
5089,13
5090
5091,6
5092,17
5093,6
5094,17
5095,1
5096
5097
5098,17
5099,6
5100,6
5101
5102,8
5103,3
5104,6
5105,17
5106,13
5107,6
5108,1
5109,1
5110,1
5111
5112,1
5113,6
5114
5115,2
5116,1
5117,1
5118,8
5119,14
5120
5121
5122,4
5123,5
5124
5125,14
5126,16
5127,17
5128,17
5129,3
5130,2
5131,3
5132,11
5133
5134,17
5135,1
5136,14
5137,6
5138,3
5139,17
5140,7
5141,6
5142,5
5143,8
5144,17
5145,5
5146
5147
5148,1
5149,12
5150,1
5151
5152,13
5153,3
5154,6
5155,1
5156,8
5157,3
5158,17
5159,6
5160,6
5161
5162,1
5163,1
5164,3
5165,2
5166,14
5167,17
5168,14
5169,14
5170,14
5171,14
5172,8
5173,6
5174,15
5175,17
5176
5177,1
5178,11
5179,3
5180,3
5181,3
5182,8
5183,1
5184,3
5185,1
5186,1
5187
5188,11
5189,14
5190,17
5191,3
5192,1
5193,3
5194,17
5195,1
5196,14
5197,1
5198,16
5199,5
5200,6
5201,17
5202,17
5203,5
5204,16
5205,17
5206,8
5207,1
5208,3
5209
5210,14
5211,17
5212,14
5213,6
5214,6
5215,8
5216,17
5217,17
5218,14
5219,3
5220,14
5221
5222
5223,12
5224,8
5225,17
5226,17
5227,17
5228,1
5229,1
5230,17
5231,1
5232,7
5233,1
5234,6
5235,8
5236,8
5237,1
5238,6
5239,5
5240
5241,5
5242,1
5243,8
5244,17
5245,17
5246,16
5247,8
5248,17
5249,16
5250,1
5251,3
5252
5253,1
5254,16
5255,17
5256,1
5257
5258,14
5259,17
5260,1
5261,17
5262,1
5263,1
5264,16
5265,3
5266,16
5267,1
5268,3
5269
5270,17
5271
5272,17
5273,17
5274,17
5275,17
5276,12
5277,8
5278,17
5279
5280,17
5281,5
5282
5283,5
5284,1
5285,5
5286,17
5287,16
5288,16
5289,8
5290,17
5291,6
5292,1
5293,5
5294,17
5295,17
5296,6
5297,6
5298,3
5299,9
5300,6
5301,17
5302,3
5303,3
5304,3
5305,14
5306,14
5307,14
5308,1
5309,17
5310,6
5311,16
5312
5313,6
5314,8
5315,17
5316,1
5317
5318,2
5319,14
5320
5321,17
5322,17
5323,17
5324,8
5325
5326,14
5327
5328,14
5329,1
5330,8
5331,6
5332
5333,3
5334,14
5335,6
5336,14
5337,6
5338,17
5339,17
5340,17
5341,5
5342,14
5343,6
5344,1
5345,3
5346,1
5347,11
5348,17
5349,3
5350,17
5351,1
5352,17
5353,17
5354,1
5355,15
5356,8
5357,6
5358,16
5359,1
5360,1
5361,3
5362
5363
5364,1
5365,17
5366,4
5367
5368,3
5369
5370
5371,17
5372,3
5373,1
5374,1
5375,6
5376,9
5377,3
5378,8
5379,17
5380,6
5381,1
5382,1
5383,1
5384,14
5385,15
5386,3
5387
5388
5389,1
5390,1
5391,1
5392
5393,1
5394,17
5395,11
5396,1
5397,1
5398,3
5399
5400,1
5401,6
5402
5403
5404,17
5405,14
5406,17
5407,17
5408,17
5409,9
5410,17
5411,17
5412
5413
5414,15
5415,7
5416
5417,14
5418
5419,6
5420,8
5421,6
5422,17
5423,16
5424,5
5425,16
5426,3
5427
5428,6
5429,1
5430,8
5431
5432,1
5433
5434,3
5435,17
5436,3
5437,3
5438,15
5439,8
5440,1
5441,17
5442,1
5443,1
5444,16
5445,1
5446,8
5447,6
5448,1
5449,7
5450
5451,17
5452,1
5453,14
5454,14
5455,1
5456,1
5457,1
5458,16
5459,17
5460,1
5461,6
5462
5463,7
5464,17
5465,3
5466,1
5467,6
5468,1
5469,17
5470,3
5471,5
5472,2
5473,14
5474,6
5475,14
5476,16
5477,17
5478,3
5479
5480,6
5481,17
5482,1
5483,3
5484,14
5485,1
5486,6
5487,17
5488,12
5489,5
5490,16
5491,11
5492,1
5493,6
5494
5495,1
5496,17
5497,14
5498,3
5499,17
5500,5
5501,6
5502,16
5503,6
5504,17
5505,1
5506,17
5507,17
5508,13
5509
5510,14
5511,17
5512,17
5513,6
5514,1
5515,17
5516
5517,17
5518,1
5519
5520,8
5521,17
5522,5
5523
5524,1
5525,8
5526,14
5527,17
5528,17
5529,3
5530
5531,6
5532,1
5533,1
5534,17
5535,17
5536
5537
5538,17
5539,17
5540,1
5541
5542,8
5543,17
5544,1
5545,17
5546,5
5547,16
5548
5549,17
5550,17
5551,6
5552,1
5553,1
5554,6
5555,17
5556
5557,17
5558,17
5559
5560,16
5561,1
5562,3
5563,14
5564
5565,8
5566,17
5567,5
5568
5569,17
5570,17
5571,16
5572,14
5573,6
5574,1
5575,15
5576,17
5577,8
5578,1
5579,14
5580,16
5581,5
5582
5583,1
5584,15
5585,3
5586,17
5587,5
5588,17
5589,1
5590,17
5591,17
5592,17
5593,6
5594,1
5595,17
5596
5597,14
5598,17
5599,17
5600,1
5601,17
5602,1
5603,1
5604,1
5605,3
5606,14
5607,6
5608,3
5609,1
5610,8
5611,3
5612,15
5613,1
5614,1
5615,1
5616,1
5617,1
5618,1
5619,17
5620,17
5621,1
5622,5
5623,3
5624,1
5625,17
5626,17
5627,1
5628,3
5629,1
5630,1
5631,17
5632,17
5633,17
5634,17
5635,14
5636,17
5637,17
5638,17
5639,14
5640,1
5641,17
5642,1
5643,1
5644
5645,1
5646,17
5647,2
5648,14
5649,1
5650,6
5651
5652,1
5653,16
5654,11
5655,17
5656,6
5657,14
5658,1
5659,1
5660,5
5661,3
5662,8
5663,17
5664,6
5665,17
5666,13
5667,1
5668,3
5669
5670,14
5671,17
5672,1
5673,6
5674
5675,11
5676,8
5677
5678,17
5679
5680,17
5681,8
5682,17
5683,15
5684,17
5685,6
5686,2
5687,17
5688
5689,1
5690,16
5691,3
5692,1
5693,16
5694
5695,14
5696,17
5697,16
5698,17
5699,1
5700,14
5701,17
5702,9
5703
5704,17
5705,5
5706,17
5707,17
5708,1
5709,6
5710,6
5711,1
5712,15
5713
5714,1
5715,5
5716,17
5717
5718,17
5719,3
5720,17
5721,14
5722,5
5723,1
5724,6
5725,1
5726,7
5727,16
5728,6
5729
5730,8
5731,15
5732,1
5733,6
5734,17
5735,17
5736,8
5737,7
5738
5739,5
5740,17
5741
5742,17
5743,17
5744,17
5745,1
5746,17
5747
5748,6
5749,17
5750
5751,17
5752,6
5753,1
5754,16
5755,13
5756,15
5757,1
5758,1
5759
5760,3
5761,15
5762,14
5763,17
5764,13
5765,11
5766,16
5767,14
5768,14
5769
5770,5
5771,3
5772,6
5773,16
5774
5775
5776,17
5777,17
5778,5
5779,17
5780,1
5781,5
5782,17
5783,1
5784,17
5785,17
5786,8
5787,3
5788
5789
5790,8
5791,5
5792,1
5793,6
5794,17
5795,15
5796,6
5797
5798,3
5799,14
5800,17
5801,8
5802
5803,6
5804,16
5805,1
5806,1
5807,3
5808,17
5809,1
5810,1
5811,14
5812,1
5813
5814,3
5815,8
5816,8
5817
5818,17
5819,5
5820,8
5821,6
5822
5823,17
5824,15
5825,3
5826
5827
5828,1
5829,6
5830,8
5831
5832,8
5833,16
5834,5
5835,17
5836,16
5837,17
5838,5
5839,17
5840,1
5841,6
5842
5843,8
5844,16
5845,14
5846,8
5847,17
5848,1
5849,16
5850,5
5851,13
5852,17
5853
5854
5855,17
5856,12
5857,15
5858,3
5859,17
5860,6
5861,6
5862,17
5863,17
5864,17
5865,6
5866
5867,1
5868,17
5869
5870,8
5871,1
5872,11
5873,6
5874,8
5875,11
5876,8
5877,6
5878,3
5879,15
5880,17
5881,1
5882,1
5883,17
5884,1
5885
5886,1
5887,3
5888,3
5889,14
5890,17
5891,9
5892,8
5893,15
5894,17
5895,1
5896,6
5897,17
5898,17
5899,1
5900,17
5901,14
5902,8
5903,6
5904
5905,6
5906,1
5907,17
5908,1
5909,8
5910,3
5911,6
5912,17
5913,5
5914,17
5915
5916,1
5917,14
5918,5
5919,17
5920,5
5921,8
5922,3
5923,9
5924,11
5925,8
5926,5
5927,5
5928,7
5929,1
5930,1
5931,17
5932,1
5933,5
5934
5935,17
5936,1
5937
5938,1
5939,8
5940,17
5941
5942,17
5943,17
5944
5945
5946
5947,16
5948,17
5949,17
5950
5951,1
5952,3
5953
5954,5
5955,1
5956,8
5957,15
5958,17
5959
5960,14
5961,16
5962,11
5963,6
5964,16
5965,17
5966,6
5967,2
5968,3
5969,17
5970,1
5971,5
5972,1
5973,1
5974,7
5975,17
5976
5977,14
5978
5979,6
5980,5
5981,1
5982,1
5983,3
5984,16
5985,14
5986,6
5987,17
5988,15
5989,1
5990
5991,17
5992,6
5993,8
5994,17
5995,8
5996,17
5997,3
5998,1
5999,3
6000,2
6001,15
6002,1
6003,14
6004,8
6005,3
6006,5
6007
6008,3
6009,5
6010,17
6011,1
6012,1
6013,6
6014,5
6015,1
6016,1
6017
6018,14
6019,17
6020,1
6021,3
6022,5
6023
6024,3
6025,14
6026,5
6027,8
6028,1
6029,16
6030,1
6031
6032
6033,17
6034,1
6035,14
6036,6
6037
6038,13
6039,3
6040,2
6041,5
6042,1
6043,14
6044,16
6045,17
6046,17
6047,1
6048
6049,17
6050,17
6051
6052,1
6053,3
6054,17
6055,1
6056,8
6057,16
6058,17
6059,6
6060,7
6061,1
6062,1
6063,17
6064,17
6065,8
6066,17
6067,1
6068,7
6069,1
6070,8
6071,14
6072,5
6073,15
6074,1
6075,1
6076,15
6077
6078,1
6079,6
6080,17
6081,6
6082,14
6083,17
6084,1
6085,3
6086,15
6087,6
6088,17
6089,14
6090
6091,3
6092,15
6093,17
6094,14
6095,17
6096,14
6097,6
6098,1
6099,16
6100
6101,1
6102,17
6103,14
6104,1
6105
6106,3
6107,1
6108
6109,15
6110,1
6111,1
6112,17
6113,1
6114,16
6115,14
6116,1
6117,1
6118,17
6119,17
6120,17
6121,5
6122,1
6123,3
6124,6
6125,17
6126,1
6127,16
6128,1
6129,1
6130
6131,14
6132,3
6133,1
6134,8
6135,17
6136,17
6137,3
6138,5
6139,6
6140
6141
6142
6143
6144,6
6145,1
6146
6147
6148,8
6149,17
6150,17
6151,1
6152,15
6153,3
6154,17
6155,11
6156
6157,17
6158
6159,7
6160,1
6161,15
6162,3
6163,17
6164,1
6165
6166,6
6167,11
6168
6169,17
6170,17
6171,17
6172,8
6173,1
6174,1
6175,1
6176,1
6177,17
6178,7
6179,1
6180,3
6181,17
6182
6183,8
6184,15
6185,17
6186,5
6187,8
6188,1
6189,17
6190,17
6191,9
6192,1
6193
6194,3
6195,17
6196,8
6197,6
6198,6
6199,1
6200,1
6201,11
6202,8
6203,17
6204,1
6205
6206,1
6207,8
6208,6
6209,3
6210,1
6211,3
6212,5
6213,17
6214,14
6215,15
6216,5
6217,15
6218,17
6219
6220,1
6221,5
6222,8
6223
6224,17
6225,5
6226,17
6227,17
6228,5
6229,1
6230,17
6231,17
6232
6233,11
6234
6235,17
6236
6237,6
6238,1
6239,6
6240,17
6241,16
6242,1
6243,14
6244,17
6245,17
6246,3
6247,1
6248,17
6249,15
6250,8
6251,8
6252,7
6253,5
6254,5
6255,11
6256,3
6257,17
6258,17
6259,17
6260,1
6261,14
6262,17
6263,1
6264,12
6265
6266,8
6267,17
6268,8
6269,1
6270,11
6271,11
6272,16
6273,7
6274,1
6275,3
6276,6
6277,6
6278,17
6279,17
6280,6
6281,17
6282,8
6283,3
6284,1
6285
6286,17
6287,15
6288,1
6289,3
6290,15
6291
6292,5
6293,5
6294,5
6295
6296
6297,16
6298,15
6299,8
6300,8
6301
6302,6
6303,16
6304,1
6305,8
6306,6
6307,17
6308,2
6309,17
6310,14
6311,1
6312,8
6313,6
6314,17
6315,17
6316,14
6317,1
6318
6319,17
6320,9
6321,15
6322
6323,1
6324,17
6325,12
6326
6327,6
6328,14
6329,8
6330,6
6331,17
6332,2
6333
6334,17
6335,3
6336,17
6337,5
6338,16
6339,1
6340,5
6341,3
6342,5
6343
6344,1
6345,16
6346,8
6347,1
6348,2
6349,3
6350,5
6351
6352,8
6353,14
6354
6355,5
6356
6357,8
6358,17
6359
6360,3
6361
6362,3
6363,8
6364,6
6365,12
6366,6
6367,1
6368,17
6369
6370,17
6371,16
6372,17
6373,6
6374,15
6375,17
6376
6377,1
6378,8
6379,11
6380,15
6381
6382,3
6383,1
6384,3
6385,6
6386,6
6387
6388
6389
6390,5
6391
6392,1
6393,5
6394,1
6395,3
6396,1
6397,1
6398
6399,17
6400,1
6401,17
6402,3
6403
6404,3
6405
6406,11
6407,6
6408,8
6409
6410,1
6411,8
6412,8
6413,1
6414,14
6415,17
6416,13
6417,5
6418,6
6419,8
6420,8
6421,17
6422,17
6423,15
6424,1
6425,1
6426,1
6427,8
6428,16
6429,6
6430
6431,17
6432,6
6433,1
6434,1
6435,8
6436,17
6437
6438,17
6439,1
6440,2
6441,3
6442,15
6443,6
6444
6445,14
6446,1
6447,3
6448,17
6449,3
6450,17
6451,3
6452
6453,1
6454,6
6455,15
6456,16
6457
6458,8
6459,6
6460,14
6461,1
6462,1
6463,14
6464,6
6465,14
6466,17
6467
6468,5
6469,1
6470,6
6471,16
6472,12
6473
6474,14
6475,5
6476,11
6477,14
6478,17
6479,1
6480,8
6481,16
6482,6
6483,1
6484,6
6485,9
6486,16
6487,6
6488
6489,14
6490,14
6491,1
6492,6
6493,17
6494,6
6495,5
6496
6497,1
6498,6
6499,1
6500,11
6501,1
6502,5
6503,17
6504,17
6505,17
6506,16
6507
6508,3
6509,1
6510,11
6511,1
6512,5
6513,1
6514,14
6515,5
6516,1
6517
6518,6
6519,6
6520,5
6521
6522,7
6523
6524,1
6525
6526,17
6527,6
6528,5
6529,8
6530,17
6531,5
6532,1
6533,1
6534,17
6535,1
6536
6537,14
6538,5
6539,6
6540,17
6541,17
6542,14
6543,6
6544,1
6545,11
6546,15
6547,17
6548,17
6549,16
6550,1
6551,16
6552
6553
6554
6555
6556,17
6557,8
6558
6559
6560,5
6561,17
6562,17
6563,5
6564,3
6565,15
6566,8
6567,1
6568,6
6569,12
6570,3
6571,1
6572,17
6573,3
6574,8
6575,8
6576,17
6577,17
6578,17
6579
6580
6581,17
6582,12
6583,6
6584,15
6585,6
6586,1
6587,11
6588,14
6589,17
6590,8
6591,6
6592,5
6593,8
6594,17
6595
6596,17
6597,6
6598,2
6599,17
6600,3
6601
6602,1
6603
6604,1
6605,14
6606,5
6607
6608,1
6609,17
6610
6611,3
6612,11
6613
6614,14
6615
6616,15
6617,17
6618
6619,14
6620,17
6621,6
6622,1
6623,11
6624,3
6625,6
6626,13
6627,17
6628,17
6629,17
6630,1
6631,17
6632,3
6633
6634,3
6635,17
6636,3
6637,8
6638,17
6639
6640,2
6641,1
6642,8
6643,17
6644
6645,8
6646,17
6647,16
6648,17
6649
6650,17
6651,17
6652,2
6653,6
6654
6655,14
6656,6
6657,17
6658,8
6659,17
6660,3
6661,8
6662,2
6663,1
6664,1
6665
6666
6667,14
6668,16
6669,1
6670,3
6671,1
6672,1
6673,17
6674,17
6675,5
6676,17
6677,6
6678,14
6679,17
6680
6681
6682,14
6683,5
6684,17
6685,6
6686,17
6687,8
6688,8
6689
6690,14
6691,12
6692,17
6693,6
6694,3
6695
6696,5
6697
6698
6699,17
6700,5
6701,1
6702,6
6703,1
6704,7
6705,14
6706,14
6707
6708,1
6709,8
6710,1
6711,6
6712,14
6713,6
6714,5
6715,1
6716,9
6717,17
6718,1
6719,6
6720,1
6721,8
6722,17
6723,2
6724,17
6725,15
6726,8
6727,7
6728
6729,5
6730,1
6731,2
6732,8
6733,8
6734,1
6735,1
6736
6737,6
6738,17
6739,1
6740,16
6741,8
6742,14
6743,1
6744,17
6745,6
6746,14
6747,5
6748,6
6749,17
6750
6751
6752,15
6753
6754,1
6755,8
6756,14
6757,11
6758,15
6759,14
6760
6761,3
6762,14
6763,1
6764
6765,1
6766,17
6767,1
6768,13
6769,14
6770,8
6771,17
6772,3
6773,1
6774,6
6775,3
6776,1
6777,17
6778,4
6779,5
6780,1
6781,1
6782,14
6783,9
6784,3
6785,15
6786,17
6787,14
6788,14
6789
6790,17
6791,17
6792
6793,16
6794,14
6795,3
6796,1
6797
6798,1
6799,11
6800,7
6801,6
6802,1
6803,6
6804,11
6805,6
6806,8
6807,14
6808
6809,17
6810,15
6811,13
6812,15
6813,1
6814,11
6815
6816,17
6817,9
6818,15
6819,1
6820,8
6821
6822,5
6823,1
6824,3
6825,1
6826,6
6827,1
6828,11
6829,1
6830,3
6831,1
6832,14
6833
6834,5
6835,1
6836,17
6837,6
6838,14
6839,1
6840,17
6841
6842,1
6843,16
6844,1
6845,8
6846
6847,17
6848,16
6849,17
6850,1
6851,14
6852,8
6853,17
6854,1
6855,17
6856,17
6857
6858,8
6859,1
6860,6
6861,17
6862,15
6863
6864,3
6865,6
6866,15
6867,8
6868,17
6869,8
6870
6871,6
6872,6
6873,14
6874,17
6875,17
6876,8
6877,1
6878,8
6879,17
6880,1
6881,14
6882,1
6883,14
6884,5
6885,17
6886,1
6887,5
6888,17
6889,17
6890,5
6891,6
6892,3
6893,1
6894,5
6895,14
6896,17
6897
6898,14
6899,17
6900,8
6901,3
6902,5
6903,8
6904
6905,17
6906,14
6907,3
6908,1
6909,4
6910
6911,13
6912
6913,17
6914,3
6915,1
6916,11
6917
6918,14
6919,17
6920,17
6921,17
6922,3
6923,6
6924,1
6925,6
6926,1
6927,9
6928,14
6929,3
6930
6931
6932,1
6933,9
6934,17
6935,17
6936,3
6937,1
6938,17
6939,8
6940,17
6941,3
6942,11
6943,16
6944,6
6945,6
6946,17
6947,14
6948
6949,17
6950
6951,17
6952,1
6953
6954,6
6955,17
6956,6
6957,3
6958,15
6959,15
6960
6961,6
6962,6
6963,3
6964,8
6965,3
6966,17
6967,8
6968,1
6969,8
6970,3
6971,1
6972,1
6973,17
6974,17
6975
6976,1
6977,6
6978,5
6979,8
6980,3
6981,8
6982,12
6983,1
6984,1
6985,17
6986,17
6987,17
6988
6989,17
6990,1
6991,8
6992,6
6993,15
6994,1
6995,1
6996,17
6997,6
6998,17
6999,17
7000,3
7001,15
7002,1
7003,6
7004,3
7005,6
7006
7007,16
7008,3
7009,17
7010,17
7011,6
7012
7013,1
7014,11
7015,8
7016,8
7017
7018,5
7019,17
7020,8
7021,17
7022,3
7023,17
7024,1
7025,14
7026,17
7027,8
7028,17
7029,7
7030,17
7031,8
7032,17
7033,15
7034,5
7035,5
7036,6
7037,14
7038,1
7039,11
7040,1
7041,3
7042
7043,15
7044,6
7045,5
7046,8
7047,11
7048,6
7049,17
7050,8
7051,3
7052,17
7053,17
7054,5
7055
7056,16
7057,16
7058,17
7059,15
7060,1
7061,14
7062,1
7063,17
7064,15
7065,17
7066,17
7067,8
7068,1
7069,1
7070,17
7071,1
7072
7073,5
7074,1
7075
7076,13
7077,1
7078,17
7079,17
7080,1
7081,17
7082,15
7083,14
7084,13
7085,1
7086,17
7087,17
7088,1
7089,14
7090,6
7091
7092,1
7093,17
7094,1
7095,1
7096,5
7097,6
7098,1
7099,16
7100,1
7101,3
7102,9
7103,17
7104,3
7105,3
7106,7
7107,6
7108
7109,8
7110,17
7111,17
7112,1
7113,2
7114,6
7115,1
7116,14
7117,14
7118
7119,17
7120,17
7121,11
7122,1
7123,14
7124,1
7125,17
7126,1
7127
7128,3
7129,6
7130
7131,1
7132,17
7133,3
7134
7135,8
7136,3
7137,1
7138,17
7139,15
7140,17
7141,15
7142,17
7143,1
7144,15
7145,17
7146,16
7147,17
7148,3
7149,2
7150,3
7151,6
7152,17
7153,3
7154,16
7155,12
7156,11
7157,12
7158,1
7159,8
7160
7161,15
7162,8
7163,17
7164,1
7165,17
7166,17
7167,16
7168,8
7169
7170,6
7171
7172,3
7173,1
7174
7175,16
7176,7
7177,6
7178,17
7179
7180,5
7181
7182,8
7183,1
7184,1
7185,17
7186,1
7187
7188,9
7189,8
7190,17
7191,1
7192,15
7193,8
7194,8
7195,5
7196,16
7197,17
7198,14
7199,17
7200,14
7201,8
7202
7203
7204,6
7205,17
7206
7207,12
7208,15
7209,6
7210,1
7211,17
7212,17
7213,5
7214,17
7215,11
7216,1
7217,1
7218
7219,1
7220,5
7221,3
7222,2
7223,1
7224,14
7225,1
7226
7227,11
7228,17
7229,5
7230,11
7231,1
7232,5
7233,1
7234,1
7235,1
7236,5
7237
7238,17
7239,15
7240,1
7241,17
7242,8
7243,7
7244,1
7245,6
7246,6
7247
7248,14
7249,3
7250,9
7251,17
7252
7253
7254,17
7255,5
7256,8
7257,15
7258,3
7259
7260,1
7261
7262,17
7263
7264,5
7265,16
7266,6
7267,1
7268,14
7269,6
7270
7271,6
7272
7273,14
7274,7
7275,1
7276,17
7277
7278,17
7279,3
7280,16
7281
7282
7283,7
7284
7285,6
7286,1
7287,2
7288,1
7289,14
7290,14
7291,1
7292,17
7293
7294,8
7295,14
7296,1
7297,1
7298,14
7299,11
7300,6
7301,6
7302,6
7303,1
7304,17
7305
7306,5
7307,15
7308,17
7309,14
7310,17
7311,17
7312,17
7313,17
7314,3
7315,15
7316,17
7317,6
7318,3
7319,1
7320,17
7321,1
7322
7323,17
7324,1
7325,16
7326,1
7327,1
7328
7329,16
7330,1
7331,1
7332,17
7333,5
7334,11
7335,5
7336,6
7337,3
7338,5
7339,14
7340,3
7341,1
7342,5
7343,16
7344
7345,17
7346,1
7347
7348,3
7349
7350,8
7351,16
7352,8
7353
7354,15
7355,1
7356,1
7357,1
7358,1
7359,1
7360,15
7361,16
7362,1
7363,1
7364,1
7365,3
7366,17
7367,1
7368,17
7369,8
7370,16
7371,15
7372,1
7373,17
7374,8
7375
7376,17
7377,17
7378,17
7379
7380
7381,17
7382,2
7383,1
7384,1
7385,17
7386,17
7387,16
7388,8
7389,5
7390,1
7391
7392,14
7393,5
7394,17
7395,17
7396
7397,1
7398
7399,1
7400,17
7401,17
7402,8
7403,1
7404
7405,11
7406,15
7407,5
7408,17
7409
7410,11
7411,1
7412,16
7413,17
7414
7415,1
7416,1
7417,5
7418,17
7419,17
7420,5
7421,6
7422,5
7423,17
7424,9
7425
7426,1
7427,1
7428,1
7429,8
7430
7431,1
7432,16
7433
7434,5
7435,1
7436
7437,14
7438,5
7439,3
7440,1
7441,13
7442
7443,14
7444
7445,9
7446,17
7447,14
7448,17
7449,3
7450,1
7451,6
7452,15
7453,17
7454,15
7455,17
7456
7457,17
7458,17
7459,8
7460
7461,17
7462,17
7463,14
7464,6
7465,14
7466
7467,1
7468,2
7469,8
7470,1
7471,12
7472,6
7473,6
7474,1
7475,2
7476,1
7477,11
7478,14
7479,6
7480,1
7481,1
7482,17
7483,16
7484
7485,1
7486,17
7487,17
7488,17
7489,8
7490
7491,1
7492,6
7493,5
7494,14
7495,17
7496,6
7497,17
7498,14
7499,6
7500,17
7501,6
7502,16
7503,14
7504,5
7505,2
7506,16
7507
7508,17
7509,1
7510,17
7511
7512,15
7513,17
7514,6
7515,9
7516,1
7517
7518,17
7519,5
7520,14
7521
7522,1
7523,14
7524,6
7525,14
7526,17
7527,14
7528,17
7529
7530,6
7531
7532
7533,15
7534,3
7535,6
7536,15
7537,6
7538,14
7539,17
7540,15
7541
7542,5
7543,3
7544,14
7545,5
7546,3
7547
7548
7549,3
7550,3
7551,5
7552,8
7553,1
7554,17
7555,1
7556,1
7557
7558
7559,17
7560,15
7561,3
7562,17
7563,14
7564,17
7565,1
7566,1
7567,1
7568,1
7569,17
7570,17
7571,3
7572
7573,17
7574,14
7575
7576,17
7577,17
7578
7579,2
7580,17
7581,8
7582,16
7583,7
7584,1
7585
7586,1
7587,17
7588,6
7589,17
7590
7591,17
7592,5
7593,17
7594,17
7595,17
7596,17
7597,17
7598,1
7599,14
7600,17
7601,14
7602,17
7603,17
7604,11
7605,1
7606
7607,17
7608,14
7609,1
7610,17
7611
7612,6
7613,6
7614,17
7615,17
7616,1
7617,16
7618,17
7619,1
7620,1
7621
7622,17
7623,11
